,confidence,idx,peak
"ws=40, sr_orig",1.0446039315558073,89556.0,1.2878743497979157
"ws=40, sr_diff",1.0070209752907127,38390.0,1.4634620689275928
"ws=44, sr_diff",1.0057665523079455,89554.0,1.3951800453841798
"ws=58, sr_diff",1.0036356280823835,68851.0,1.2559851149484949
